rd1.38;Fa1/0/1;admin down;down;
rd1.38;Fa1/0/2;admin down;down;
rd1.38;Fa1/0/3;admin down;down;
rd1.38;Fa1/0/4;down;down;>> kamery <<
rd1.38;Fa1/0/5;down;down;>> kamery <<
rd1.38;Fa1/0/6;down;down;>> kamery <<
rd1.38;Fa1/0/7;down;down;>> kamery <<
rd1.38;Fa1/0/8;down;down;>> kamery <<
rd1.38;Fa1/0/9;up;up;>> kamery <<
rd1.38;Fa1/0/10;up;up;>> kamery <<
rd1.38;Fa1/0/11;up;up;>> kamery <<
rd1.38;Fa1/0/12;up;up;>> kamery <<
rd1.38;Fa1/0/13;up;up;>> kamery <<
rd1.38;Fa1/0/14;up;up;>> kamery <<
rd1.38;Fa1/0/15;up;up;>> kamery <<
rd1.38;Fa1/0/16;up;up;>> kamery <<
rd1.38;Fa1/0/17;up;up;>> kamery <<
rd1.38;Fa1/0/18;up;up;>> kamery <<
rd1.38;Fa1/0/19;up;up;>> kamery <<
rd1.38;Fa1/0/20;up;up;>> kamery <<
rd1.38;Fa1/0/21;up;up;>> kamery <<
rd1.38;Fa1/0/22;down;down;>> kamery <<
rd1.38;Fa1/0/23;up;up;>> kamery <<
rd1.38;Fa1/0/24;down;down;>> kamery <<
rd1.38;Fa1/0/25;up;up;>> kamery <<
rd1.38;Fa1/0/26;up;up;>> kamery <<
rd1.38;Fa1/0/27;up;up;>> kamery <<
rd1.38;Fa1/0/28;up;up;>> kamery <<
rd1.38;Fa1/0/29;up;up;>> kamery <<
rd1.38;Fa1/0/30;up;up;>> SKV <<
rd1.38;Fa1/0/31;up;up;>> SKV <<
rd1.38;Fa1/0/32;up;up;>> SKV <<
rd1.38;Fa1/0/33;up;up;>> SKV <<
rd1.38;Fa1/0/34;up;up;>> SKV <<
rd1.38;Fa1/0/35;up;up;>> SKV <<
rd1.38;Fa1/0/36;up;up;>> SKV <<
rd1.38;Fa1/0/37;up;up;>> SKV <<
rd1.38;Fa1/0/38;up;up;>> SKV <<
rd1.38;Fa1/0/39;up;up;>> SKV <<
rd1.38;Fa1/0/40;up;up;>> SKV <<
rd1.38;Fa1/0/41;up;up;>> SKV <<
rd1.38;Fa1/0/42;up;up;>> SKV <<
rd1.38;Fa1/0/43;up;up;>> SKV <<
rd1.38;Fa1/0/44;up;up;>> SKV <<
rd1.38;Fa1/0/45;up;up;>> parking <<
rd1.38;Fa1/0/46;up;up;>> parking <<
rd1.38;Fa1/0/47;up;up;>> parking <<
rd1.38;Fa1/0/48;up;up;>> parking <<
rd1.38;Gi1/0/1;admin down;down;
rd1.38;Gi1/0/2;admin down;down;
rd1.38;Gi1/0/3;up;up;>> coreA <<
rd1.38;Gi1/0/4;up;up;>> coreA <<
rd1.38;Fa2/0/1;admin down;down;
rd1.38;Fa2/0/2;admin down;down;
rd1.38;Fa2/0/3;up;up;>> 02707351-benu_lekaren114 <<
rd1.38;Fa2/0/4;up;up;>> 02202205-bubblestar-sk <<
rd1.38;Fa2/0/5;down;down;
rd1.38;Fa2/0/6;down;down;>> 02222510-oc-mlyny-suzzane-upratovanie <<
rd1.38;Fa2/0/7;down;down;>> 02245596-at-sport <<
rd1.38;Fa2/0/8;up;up;>> Fast Plus <<
rd1.38;Fa2/0/9;up;up;>> 02660674-dm-drogerie-mark <<
rd1.38;Fa2/0/10;admin down;down;
rd1.38;Fa2/0/11;up;up;>> 02218689 L2 okruh telekom-humanic <<
rd1.38;Fa2/0/12;up;up;>> 02763983 L2 okruh LASTMILE-Pull&Bear <<
rd1.38;Fa2/0/13;admin down;down;
rd1.38;Fa2/0/14;admin down;down;
rd1.38;Fa2/0/15;admin down;down;
rd1.38;Fa2/0/16;admin down;down;
rd1.38;Fa2/0/17;admin down;down;
rd1.38;Fa2/0/18;admin down;down;
rd1.38;Fa2/0/19;admin down;down;
rd1.38;Fa2/0/20;admin down;down;
rd1.38;Fa2/0/21;admin down;down;
rd1.38;Fa2/0/22;admin down;down;
rd1.38;Fa2/0/23;admin down;down;
rd1.38;Fa2/0/24;admin down;down;
rd1.38;Fa2/0/25;admin down;down;
rd1.38;Fa2/0/26;admin down;down;
rd1.38;Fa2/0/27;admin down;down;
rd1.38;Fa2/0/28;admin down;down;
rd1.38;Fa2/0/29;admin down;down;
rd1.38;Fa2/0/30;admin down;down;
rd1.38;Fa2/0/31;down;down;>> 02222510-oc-mlyny-rezerva <<
rd1.38;Fa2/0/32;down;down;>> 02222510-oc-mlyny-rezerva <<
rd1.38;Fa2/0/33;admin down;down;
rd1.38;Fa2/0/34;admin down;down;
rd1.38;Fa2/0/35;admin down;down;
rd1.38;Fa2/0/36;admin down;down;
rd1.38;Fa2/0/37;admin down;down;
rd1.38;Fa2/0/38;admin down;down;
rd1.38;Fa2/0/39;admin down;down;
rd1.38;Fa2/0/40;admin down;down;
rd1.38;Fa2/0/41;admin down;down;
rd1.38;Fa2/0/42;admin down;down;
rd1.38;Fa2/0/43;admin down;down;
rd1.38;Fa2/0/44;admin down;down;
rd1.38;Fa2/0/45;down;down;>> reklama <<
rd1.38;Fa2/0/46;down;down;>> reklama <<
rd1.38;Fa2/0/47;down;down;>> reklama <<
rd1.38;Fa2/0/48;down;down;>> reklama <<
rd1.38;Gi2/0/1;up;up;02768214;OSK;Pull&Bear_viaOPT
rd1.38;Gi2/0/2;admin down;down;
rd1.38;Gi2/0/3;up;up;>> coreB <<
rd1.38;Gi2/0/4;up;up;>> coreB <<
switch-new.1pp;Fa1/0/1;up;up;--SIEMENS REG--
switch-new.1pp;Fa1/0/2;down;down;--SIEMENS REG--
switch-new.1pp;Fa1/0/3;up;up;--SIEMENS REG--
switch-new.1pp;Fa1/0/4;up;up;--SIEMENS REG--
switch-new.1pp;Fa1/0/5;up;up;>> 02170834-slovenska-sporitelna <<
switch-new.1pp;Fa1/0/6;up;up;>> 02585513-TELEKOM-SLSP <<
switch-new.1pp;Fa1/0/7;admin down;down;
switch-new.1pp;Fa1/0/8;up;up;>> EMM International <<
switch-new.1pp;Fa1/0/9;admin down;down;
switch-new.1pp;Fa1/0/10;down;down;>> 02222510-oc-mlyny-rezerva <<
switch-new.1pp;Fa1/0/11;down;down;>> 02222510-oc-mlyny-rezerva <<
switch-new.1pp;Fa1/0/12;admin down;down;
switch-new.1pp;Fa1/0/13;admin down;down;
switch-new.1pp;Fa1/0/14;admin down;down;
switch-new.1pp;Fa1/0/15;admin down;down;
switch-new.1pp;Fa1/0/16;up;up;>> SALTO-SKV port 1 <<
switch-new.1pp;Fa1/0/17;up;up;>> SALTO-SKV port 2 <<
switch-new.1pp;Fa1/0/18;up;up;>> SALTO-SKV port 3 <<
switch-new.1pp;Fa1/0/19;up;up;>> SALTO-SKV port 4 <<
switch-new.1pp;Fa1/0/20;up;up;>> SALTO-SKV port 5 <<
switch-new.1pp;Fa1/0/21;admin down;down;
switch-new.1pp;Fa1/0/22;admin down;down;
switch-new.1pp;Fa1/0/23;admin down;down;
switch-new.1pp;Fa1/0/24;admin down;down;
switch-new.1pp;Gi1/0/1;up;up;>> coreA <<
switch-new.1pp;Gi1/0/2;up;up;>> coreB <<
switch-new.1pp;Fa2/0/1;down;down;
switch-new.1pp;Fa2/0/2;down;down;
switch-new.1pp;Fa2/0/3;down;down;
switch-new.1pp;Fa2/0/4;down;down;
switch-new.1pp;Fa2/0/5;down;down;
switch-new.1pp;Fa2/0/6;down;down;
switch-new.1pp;Fa2/0/7;down;down;
switch-new.1pp;Fa2/0/8;down;down;
switch-new.1pp;Fa2/0/9;down;down;
switch-new.1pp;Fa2/0/10;down;down;
switch-new.1pp;Fa2/0/11;down;down;
switch-new.1pp;Fa2/0/12;down;down;
switch-new.1pp;Fa2/0/13;down;down;
switch-new.1pp;Fa2/0/14;down;down;
switch-new.1pp;Fa2/0/15;down;down;
switch-new.1pp;Fa2/0/16;down;down;
switch-new.1pp;Fa2/0/17;down;down;
switch-new.1pp;Fa2/0/18;down;down;
switch-new.1pp;Fa2/0/19;down;down;
switch-new.1pp;Fa2/0/20;down;down;
switch-new.1pp;Fa2/0/21;down;down;
switch-new.1pp;Fa2/0/22;down;down;
switch-new.1pp;Fa2/0/23;down;down;
switch-new.1pp;Fa2/0/24;down;down;
switch-new.1pp;Fa2/0/25;down;down;
switch-new.1pp;Fa2/0/26;down;down;
switch-new.1pp;Fa2/0/27;down;down;
switch-new.1pp;Fa2/0/28;down;down;
switch-new.1pp;Fa2/0/29;down;down;
switch-new.1pp;Fa2/0/30;down;down;
switch-new.1pp;Fa2/0/31;down;down;
switch-new.1pp;Fa2/0/32;down;down;
switch-new.1pp;Fa2/0/33;down;down;
switch-new.1pp;Fa2/0/34;down;down;
switch-new.1pp;Fa2/0/35;down;down;
switch-new.1pp;Fa2/0/36;down;down;
switch-new.1pp;Fa2/0/37;down;down;
switch-new.1pp;Fa2/0/38;down;down;
switch-new.1pp;Fa2/0/39;down;down;
switch-new.1pp;Fa2/0/40;down;down;
switch-new.1pp;Fa2/0/41;down;down;
switch-new.1pp;Fa2/0/42;down;down;
switch-new.1pp;Fa2/0/43;down;down;
switch-new.1pp;Fa2/0/44;down;down;
switch-new.1pp;Fa2/0/45;down;down;
switch-new.1pp;Fa2/0/46;down;down;
switch-new.1pp;Fa2/0/47;down;down;
switch-new.1pp;Fa2/0/48;down;down;
switch-new.1pp;Gi2/0/1;down;down;
switch-new.1pp;Gi2/0/2;down;down;
switch-new.1pp;Gi2/0/3;down;down;
switch-new.1pp;Gi2/0/4;down;down;
switch-new.3np;Fa1/0/1;up;up;>> SIEMENS port 1 <<
switch-new.3np;Fa1/0/2;down;down;>> SIEMENS port 2 <<
switch-new.3np;Fa1/0/3;down;down;>> 02222510-oc-mlyny-rezerva <<
switch-new.3np;Fa1/0/4;down;down;>> 02222510-oc-mlyny-rezerva <<
switch-new.3np;Fa1/0/5;down;down;>> 02222510-oc-mlyny-rezerva <<
switch-new.3np;Fa1/0/6;up;up;>> 02222510-oc-mlyny-cinema-ticketware <<
switch-new.3np;Fa1/0/7;down;down;>> Ticketware port 1 <<
switch-new.3np;Fa1/0/8;down;down;>> Ticketware port 2 <<
switch-new.3np;Fa1/0/9;down;down;>> Ticketware port 3 <<
switch-new.3np;Fa1/0/10;down;down;>> Ticketware port 4 <<
switch-new.3np;Fa1/0/11;down;down;>> Ticketware port 5 <<
switch-new.3np;Fa1/0/12;down;down;>> Ticketware port 6 <<
switch-new.3np;Fa1/0/13;up;up;>> Ticketware port 7 <<
switch-new.3np;Fa1/0/14;up;up;>> Ticketware port 8 <<
switch-new.3np;Fa1/0/15;up;up;>> Ticketware port 9 <<
switch-new.3np;Fa1/0/16;up;up;>> Ticketware port 10 <<
switch-new.3np;Fa1/0/17;up;up;>> Ticketware port 11 <<
switch-new.3np;Fa1/0/18;up;up;>> Ticketware port 12 <<
switch-new.3np;Fa1/0/19;up;up;>> Ticketware port 13 <<
switch-new.3np;Fa1/0/20;up;up;>> Ticketware port 14 <<
switch-new.3np;Fa1/0/21;up;up;>> Ticketware port 15 <<
switch-new.3np;Fa1/0/22;up;up;>> Ticketware port 16 <<
switch-new.3np;Fa1/0/23;down;down;>> OC MLYNY - LAN <<
switch-new.3np;Fa1/0/24;up;up;--NOVE MLYNY AP4--
switch-new.3np;Gi1/0/1;up;up;>> coreA <<
switch-new.3np;Gi1/0/2;up;up;--SAMSUNG-SW3--
switch-new.3np;Fa2/0/1;admin down;down;
switch-new.3np;Fa2/0/2;admin down;down;
switch-new.3np;Fa2/0/3;admin down;down;
switch-new.3np;Fa2/0/4;admin down;down;
switch-new.3np;Fa2/0/5;admin down;down;
switch-new.3np;Fa2/0/6;admin down;down;
switch-new.3np;Fa2/0/7;admin down;down;
switch-new.3np;Fa2/0/8;admin down;down;
switch-new.3np;Fa2/0/9;admin down;down;
switch-new.3np;Fa2/0/10;admin down;down;
switch-new.3np;Fa2/0/11;admin down;down;
switch-new.3np;Fa2/0/12;admin down;down;
switch-new.3np;Fa2/0/13;admin down;down;
switch-new.3np;Fa2/0/14;admin down;down;
switch-new.3np;Fa2/0/15;admin down;down;
switch-new.3np;Fa2/0/16;admin down;down;
switch-new.3np;Fa2/0/17;admin down;down;
switch-new.3np;Fa2/0/18;admin down;down;
switch-new.3np;Fa2/0/19;admin down;down;
switch-new.3np;Fa2/0/20;admin down;down;
switch-new.3np;Fa2/0/21;admin down;down;
switch-new.3np;Fa2/0/22;admin down;down;
switch-new.3np;Fa2/0/23;admin down;down;
switch-new.3np;Fa2/0/24;admin down;down;
switch-new.3np;Fa2/0/25;admin down;down;
switch-new.3np;Fa2/0/26;admin down;down;
switch-new.3np;Fa2/0/27;admin down;down;
switch-new.3np;Fa2/0/28;admin down;down;
switch-new.3np;Fa2/0/29;admin down;down;
switch-new.3np;Fa2/0/30;admin down;down;
switch-new.3np;Fa2/0/31;admin down;down;
switch-new.3np;Fa2/0/32;admin down;down;
switch-new.3np;Fa2/0/33;admin down;down;
switch-new.3np;Fa2/0/34;admin down;down;
switch-new.3np;Fa2/0/35;admin down;down;
switch-new.3np;Fa2/0/36;admin down;down;
switch-new.3np;Fa2/0/37;admin down;down;
switch-new.3np;Fa2/0/38;admin down;down;
switch-new.3np;Fa2/0/39;admin down;down;
switch-new.3np;Fa2/0/40;admin down;down;
switch-new.3np;Fa2/0/41;admin down;down;
switch-new.3np;Fa2/0/42;admin down;down;
switch-new.3np;Fa2/0/43;admin down;down;
switch-new.3np;Fa2/0/44;admin down;down;
switch-new.3np;Fa2/0/45;admin down;down;
switch-new.3np;Fa2/0/46;admin down;down;
switch-new.3np;Fa2/0/47;admin down;down;
switch-new.3np;Fa2/0/48;admin down;down;
switch-new.3np;Gi2/0/1;up;up;--SAMSUNG-SW2--
switch-new.3np;Gi2/0/2;up;up;--SAMSUNG-SW1--
switch-new.3np;Gi2/0/3;admin down;down;
switch-new.3np;Gi2/0/4;up;up;>> coreB <<
switch-new.4np;Fa1/0/1;up;up;--SIEMENS REG--
switch-new.4np;Fa1/0/2;up;up;--SIEMENS REG--
switch-new.4np;Fa1/0/3;down;down;--SIEMENS REG--
switch-new.4np;Fa1/0/4;down;down;--SIEMENS REG--
switch-new.4np;Fa1/0/5;up;up;>> 02222510-oc-mlyny-cinema <<
switch-new.4np;Fa1/0/6;admin down;down;
switch-new.4np;Fa1/0/7;admin down;down;
switch-new.4np;Fa1/0/8;admin down;down;
switch-new.4np;Fa1/0/9;admin down;down;
switch-new.4np;Fa1/0/10;down;down;>> 02222510-oc-mlyny-rezerva <<
switch-new.4np;Fa1/0/11;down;down;>> 02222510-oc-mlyny-rezerva <<
switch-new.4np;Fa1/0/12;admin down;down;
switch-new.4np;Fa1/0/13;admin down;down;
switch-new.4np;Fa1/0/14;admin down;down;
switch-new.4np;Fa1/0/15;admin down;down;
switch-new.4np;Fa1/0/16;admin down;down;
switch-new.4np;Fa1/0/17;admin down;down;
switch-new.4np;Fa1/0/18;admin down;down;
switch-new.4np;Fa1/0/19;admin down;down;
switch-new.4np;Fa1/0/20;admin down;down;
switch-new.4np;Fa1/0/21;admin down;down;
switch-new.4np;Fa1/0/22;admin down;down;
switch-new.4np;Fa1/0/23;admin down;down;
switch-new.4np;Fa1/0/24;admin down;down;
switch-new.4np;Fa1/0/25;admin down;down;
switch-new.4np;Fa1/0/26;admin down;down;
switch-new.4np;Fa1/0/27;admin down;down;
switch-new.4np;Fa1/0/28;admin down;down;
switch-new.4np;Fa1/0/29;admin down;down;
switch-new.4np;Fa1/0/30;admin down;down;
switch-new.4np;Fa1/0/31;admin down;down;
switch-new.4np;Fa1/0/32;admin down;down;
switch-new.4np;Fa1/0/33;admin down;down;
switch-new.4np;Fa1/0/34;admin down;down;
switch-new.4np;Fa1/0/35;admin down;down;
switch-new.4np;Fa1/0/36;admin down;down;
switch-new.4np;Fa1/0/37;admin down;down;
switch-new.4np;Fa1/0/38;admin down;down;
switch-new.4np;Fa1/0/39;admin down;down;
switch-new.4np;Fa1/0/40;admin down;down;
switch-new.4np;Fa1/0/41;admin down;down;
switch-new.4np;Fa1/0/42;admin down;down;
switch-new.4np;Fa1/0/43;admin down;down;
switch-new.4np;Fa1/0/44;admin down;down;
switch-new.4np;Fa1/0/45;admin down;down;
switch-new.4np;Fa1/0/46;up;up;--NOVE MLYNY APs--
switch-new.4np;Fa1/0/47;up;up;--NOVE MLYNY APs--
switch-new.4np;Fa1/0/48;up;up;--NOVE MLYNY APs--
switch-new.4np;Gi1/0/1;up;up;>> coreA <<
switch-new.4np;Gi1/0/2;down;down;
switch-new.4np;Gi1/0/3;down;down;
switch-new.4np;Gi1/0/4;down;down;>> coreB <<
switch-new.5np;Fa1/0/1;up;up;--SIEMENS REG--
switch-new.5np;Fa1/0/2;down;down;--SIEMENS REG--
switch-new.5np;Fa1/0/3;up;up;>> SALTO-SKV port 1 <<
switch-new.5np;Fa1/0/4;up;up;>> SALTO-SKV port 2 <<
switch-new.5np;Fa1/0/5;up;up;VOIP Lieskovska
switch-new.5np;Fa1/0/6;up;up;>> OC MLYNY - PRISTUP Z KANCELARIE NA KAMERY,USTREDNU,SKV A LAN <<
switch-new.5np;Fa1/0/7;down;down;
switch-new.5np;Fa1/0/8;admin down;down;
switch-new.5np;Fa1/0/9;admin down;down;
switch-new.5np;Fa1/0/10;down;down;>> 02222510-oc-mlyny-kancelaria <<
switch-new.5np;Fa1/0/11;down;down;>> 02222510-oc-mlyny-rezerva <<
switch-new.5np;Fa1/0/12;down;down;VOIP
switch-new.5np;Fa1/0/13;admin down;down;
switch-new.5np;Fa1/0/14;admin down;down;
switch-new.5np;Fa1/0/15;admin down;down;
switch-new.5np;Fa1/0/16;admin down;down;
switch-new.5np;Fa1/0/17;admin down;down;
switch-new.5np;Fa1/0/18;admin down;down;
switch-new.5np;Fa1/0/19;admin down;down;
switch-new.5np;Fa1/0/20;admin down;down;
switch-new.5np;Fa1/0/21;admin down;down;
switch-new.5np;Fa1/0/22;admin down;down;
switch-new.5np;Fa1/0/23;admin down;down;
switch-new.5np;Fa1/0/24;admin down;down;
switch-new.5np;Fa1/0/25;down;down;>> OC MLYNY - LAN <<
switch-new.5np;Fa1/0/26;down;down;>> OC MLYNY - LAN <<
switch-new.5np;Fa1/0/27;down;down;>> OC MLYNY - LAN <<
switch-new.5np;Fa1/0/28;down;down;>> OC MLYNY - LAN <<
switch-new.5np;Fa1/0/29;down;down;>> OC MLYNY - LAN <<
switch-new.5np;Fa1/0/30;down;down;>> OC MLYNY - LAN <<
switch-new.5np;Fa1/0/31;down;down;>> OC MLYNY - LAN <<
switch-new.5np;Fa1/0/32;down;down;>> OC MLYNY - LAN <<
switch-new.5np;Fa1/0/33;down;down;>> OC MLYNY - LAN <<
switch-new.5np;Fa1/0/34;down;down;>> OC MLYNY - LAN <<
switch-new.5np;Fa1/0/35;down;down;>> OC MLYNY - LAN <<
switch-new.5np;Fa1/0/36;down;down;>> OC MLYNY - LAN <<
switch-new.5np;Fa1/0/37;down;down;>> OC MLYNY - LAN <<
switch-new.5np;Fa1/0/38;down;down;>> OC MLYNY - LAN <<
switch-new.5np;Fa1/0/39;down;down;>> OC MLYNY - LAN <<
switch-new.5np;Fa1/0/40;down;down;>> OC MLYNY - LAN <<
switch-new.5np;Fa1/0/41;down;down;>> OC MLYNY - LAN <<
switch-new.5np;Fa1/0/42;down;down;>> OC MLYNY - LAN <<
switch-new.5np;Fa1/0/43;down;down;>> OC MLYNY - LAN <<
switch-new.5np;Fa1/0/44;down;down;>> OC MLYNY - LAN <<
switch-new.5np;Fa1/0/45;up;up;>> OC MLYNY - LAN <<
switch-new.5np;Fa1/0/46;down;down;>> OC MLYNY - LAN <<
switch-new.5np;Fa1/0/47;down;down;>> OC MLYNY - LAN <<
switch-new.5np;Fa1/0/48;down;down;>> OC MLYNY - LAN <<
switch-new.5np;Gi1/0/1;up;up;>> coreA <<
switch-new.5np;Gi1/0/2;up;up;>> 02692219-oc-mlyny-kancelaria <<
switch-new.5np;Gi1/0/3;down;down;
switch-new.5np;Gi1/0/4;up;up;>> coreB <<
switch0.16;Fa1/0/1;admin down;down;
switch0.16;Fa1/0/2;admin down;down;
switch0.16;Fa1/0/3;admin down;down;
switch0.16;Fa1/0/4;admin down;down;
switch0.16;Fa1/0/5;admin down;down;
switch0.16;Fa1/0/6;admin down;down;
switch0.16;Fa1/0/7;admin down;down;
switch0.16;Fa1/0/8;admin down;down;
switch0.16;Fa1/0/9;admin down;down;
switch0.16;Fa1/0/10;down;down;>> kamery <<
switch0.16;Fa1/0/11;down;down;>> kamery <<
switch0.16;Fa1/0/12;down;down;>> kamery <<
switch0.16;Fa1/0/13;down;down;>> kamery <<
switch0.16;Fa1/0/14;down;down;>> kamery <<
switch0.16;Fa1/0/15;down;down;>> kamery <<
switch0.16;Fa1/0/16;down;down;>> kamery <<
switch0.16;Fa1/0/17;down;down;>> kamery <<
switch0.16;Fa1/0/18;down;down;>> kamery <<
switch0.16;Fa1/0/19;down;down;>> kamery <<
switch0.16;Fa1/0/20;down;down;>> kamery <<
switch0.16;Fa1/0/21;down;down;>> kamery <<
switch0.16;Fa1/0/22;down;down;>> kamery <<
switch0.16;Fa1/0/23;down;down;>> kamery <<
switch0.16;Fa1/0/24;down;down;>> kamery <<
switch0.16;Fa1/0/25;admin down;down;
switch0.16;Fa1/0/26;admin down;down;
switch0.16;Fa1/0/27;admin down;down;
switch0.16;Fa1/0/28;admin down;down;
switch0.16;Fa1/0/29;admin down;down;
switch0.16;Fa1/0/30;admin down;down;
switch0.16;Fa1/0/31;admin down;down;
switch0.16;Fa1/0/32;admin down;down;
switch0.16;Fa1/0/33;admin down;down;
switch0.16;Fa1/0/34;admin down;down;
switch0.16;Fa1/0/35;admin down;down;
switch0.16;Fa1/0/36;admin down;down;
switch0.16;Fa1/0/37;admin down;down;
switch0.16;Fa1/0/38;admin down;down;
switch0.16;Fa1/0/39;admin down;down;
switch0.16;Fa1/0/40;admin down;down;
switch0.16;Fa1/0/41;admin down;down;
switch0.16;Fa1/0/42;admin down;down;
switch0.16;Fa1/0/43;admin down;down;
switch0.16;Fa1/0/44;admin down;down;
switch0.16;Fa1/0/45;admin down;down;
switch0.16;Fa1/0/46;admin down;down;
switch0.16;Fa1/0/47;down;down;>> parking <<
switch0.16;Fa1/0/48;down;down;>> parking <<
switch0.16;Gi1/0/1;admin down;down;
switch0.16;Gi1/0/2;admin down;down;
switch0.16;Gi1/0/3;down;down;>> coreA <<
switch0.16;Gi1/0/4;down;down;>> coreA <<
switch0.16;Fa2/0/1;up;up;>> 02202164-bepon-retail-sk <<
switch0.16;Fa2/0/2;up;up;>> 02202165-buzin <<
switch0.16;Fa2/0/3;admin down;down;
switch0.16;Fa2/0/4;up;up;>> 02202167-qex <<
switch0.16;Fa2/0/5;up;up;02202161-blazek-slovakia
switch0.16;Fa2/0/6;down;down;>> 02202133-allora-moda <<
switch0.16;Fa2/0/7;up;up;>> 02202151-vermont-slovakia <<
switch0.16;Fa2/0/8;admin down;down;
switch0.16;Fa2/0/9;up;up;>> 02202153-else-plus <<
switch0.16;Fa2/0/10;admin down;down;
switch0.16;Fa2/0/11;up;up;>> 02202156-closedeal <<
switch0.16;Fa2/0/12;up;up;>> 02202143-pcexpres <<
switch0.16;Fa2/0/13;up;up;>> 02202135-xint <<
switch0.16;Fa2/0/14;up;up;>> 02202142-frantisek-presinsky-quartz <<
switch0.16;Fa2/0/15;up;up;>> 02477718-MIG_SK <<
switch0.16;Fa2/0/16;admin down;down;
switch0.16;Fa2/0/17;up;up;>> 02747396-Parfumerie_Douglas_Slovensko <<
switch0.16;Fa2/0/18;up;up;>> 02304479-krm-retail <<
switch0.16;Fa2/0/19;up;up;>> 02202181-dates-mobile-slovakia <<
switch0.16;Fa2/0/20;up;up;>> 02202139-bm-plus <<
switch0.16;Fa2/0/21;admin down;down;
switch0.16;Fa2/0/22;admin down;down;
switch0.16;Fa2/0/23;admin down;down;
switch0.16;Fa2/0/24;admin down;down;
switch0.16;Fa2/0/25;up;up;>> kamery <<
switch0.16;Fa2/0/26;up;up;>> kamery <<
switch0.16;Fa2/0/27;up;up;>> kamery <<
switch0.16;Fa2/0/28;up;up;>> kamery <<
switch0.16;Fa2/0/29;up;up;>> kamery <<
switch0.16;Fa2/0/30;down;down;>> kamery <<
switch0.16;Fa2/0/31;down;down;>> 02222510-oc-mlyny-rezerva <<
switch0.16;Fa2/0/32;down;down;>> 02222510-oc-mlyny-rezerva <<
switch0.16;Fa2/0/33;admin down;down;
switch0.16;Fa2/0/34;up;up;>> 02486331-MNRX <<
switch0.16;Fa2/0/35;admin down;down;
switch0.16;Fa2/0/36;admin down;down;
switch0.16;Fa2/0/37;admin down;down;
switch0.16;Fa2/0/38;admin down;down;
switch0.16;Fa2/0/39;admin down;down;
switch0.16;Fa2/0/40;admin down;down;
switch0.16;Fa2/0/41;admin down;down;
switch0.16;Fa2/0/42;admin down;down;
switch0.16;Fa2/0/43;admin down;down;
switch0.16;Fa2/0/44;admin down;down;
switch0.16;Fa2/0/45;admin down;down;
switch0.16;Fa2/0/46;admin down;down;
switch0.16;Fa2/0/47;down;down;>> parking <<
switch0.16;Fa2/0/48;up;up;>> parking <<
switch0.16;Gi2/0/1;admin down;down;
switch0.16;Gi2/0/2;admin down;down;
switch0.16;Gi2/0/3;up;up;>> coreB <<
switch0.16;Gi2/0/4;up;up;>> coreB <<
switch0.22;Fa1/0/1;admin down;down;
switch0.22;Fa1/0/2;up;up;VOIP_INFOCENTRUM
switch0.22;Fa1/0/3;admin down;down;
switch0.22;Fa1/0/4;admin down;down;
switch0.22;Fa1/0/5;admin down;down;
switch0.22;Fa1/0/6;admin down;down;
switch0.22;Fa1/0/7;admin down;down;
switch0.22;Fa1/0/8;admin down;down;
switch0.22;Fa1/0/9;admin down;down;
switch0.22;Fa1/0/10;up;up;>> kamery <<
switch0.22;Fa1/0/11;up;up;>> kamery <<
switch0.22;Fa1/0/12;up;up;>> kamery <<
switch0.22;Fa1/0/13;up;up;>> kamery <<
switch0.22;Fa1/0/14;up;up;>> kamery <<
switch0.22;Fa1/0/15;up;up;>> kamery <<
switch0.22;Fa1/0/16;up;up;>> kamery <<
switch0.22;Fa1/0/17;up;up;>> kamery <<
switch0.22;Fa1/0/18;up;up;>> kamery <<
switch0.22;Fa1/0/19;up;up;>> kamery <<
switch0.22;Fa1/0/20;up;up;>> kamery <<
switch0.22;Fa1/0/21;up;up;>> kamery <<
switch0.22;Fa1/0/22;up;up;>> kamery <<
switch0.22;Fa1/0/23;down;down;>> kamery <<
switch0.22;Fa1/0/24;down;down;>> kamery <<
switch0.22;Fa1/0/25;admin down;down;
switch0.22;Fa1/0/26;admin down;down;
switch0.22;Fa1/0/27;admin down;down;
switch0.22;Fa1/0/28;admin down;down;
switch0.22;Fa1/0/29;admin down;down;
switch0.22;Fa1/0/30;admin down;down;
switch0.22;Fa1/0/31;admin down;down;
switch0.22;Fa1/0/32;admin down;down;
switch0.22;Fa1/0/33;up;up;>> SKV <<
switch0.22;Fa1/0/34;up;up;>> SKV <<
switch0.22;Fa1/0/35;up;up;>> SKV <<
switch0.22;Fa1/0/36;up;up;>> SKV <<
switch0.22;Fa1/0/37;up;up;>> SKV <<
switch0.22;Fa1/0/38;up;up;>> SKV <<
switch0.22;Fa1/0/39;admin down;down;
switch0.22;Fa1/0/40;admin down;down;
switch0.22;Fa1/0/41;admin down;down;
switch0.22;Fa1/0/42;admin down;down;
switch0.22;Fa1/0/43;up;up;>> parking <<
switch0.22;Fa1/0/44;up;up;>> parking <<
switch0.22;Fa1/0/45;down;down;>> parking <<
switch0.22;Fa1/0/46;down;down;>> parking <<
switch0.22;Fa1/0/47;down;down;>> parking <<
switch0.22;Fa1/0/48;down;down;>> parking <<
switch0.22;Gi1/0/1;admin down;down;
switch0.22;Gi1/0/2;admin down;down;
switch0.22;Gi1/0/3;up;up;>> coreA <<
switch0.22;Gi1/0/4;up;up;>> coreA <<
switch0.22;Fa2/0/1;up;up;>> 02202162-tchibo-slovensko <<
switch0.22;Fa2/0/2;up;up;>> 02222510-oc-mlyny-vestibul <<
switch0.22;Fa2/0/3;up;up;>> 02202221-royal-press <<
switch0.22;Fa2/0/4;up;up;>> 02355881-ozeta <<
switch0.22;Fa2/0/5;up;up;>> 02202226-beauty-shop <<
switch0.22;Fa2/0/6;up;up;>> 02744344-kplusk <<
switch0.22;Fa2/0/7;up;up;>> 02202140-shoebox-slovakia <<
switch0.22;Fa2/0/8;down;down;>> 02202141-studio-moderna <<
switch0.22;Fa2/0/9;up;up;>> 02946232-kroviana <<
switch0.22;Fa2/0/10;admin down;down;
switch0.22;Fa2/0/11;up;up;>> 02549520-amrest-coffee <<
switch0.22;Fa2/0/12;down;down;02202170-rebels-retail
switch0.22;Fa2/0/13;admin down;down;
switch0.22;Fa2/0/14;up;up;>> 02865212-pandora-jewelry-slovakia <<
switch0.22;Fa2/0/15;up;up;>> 02385738-curaden-slovakia <<
switch0.22;Fa2/0/16;admin down;down;
switch0.22;Fa2/0/17;up;up;>> 02202177-bushman-slovakia <<
switch0.22;Fa2/0/18;up;up;>> 02222510-oc-mlyny-infostanok <<
switch0.22;Fa2/0/19;up;up;>> 02202163-sorano <<
switch0.22;Fa2/0/20;down;down;>> 02257896-chocosuc-partner <<
switch0.22;Fa2/0/21;down;down;>> 02236039-tchibo-slovensko <<
switch0.22;Fa2/0/22;admin down;down;
switch0.22;Fa2/0/23;down;down;>> 02202226-beauty-shop-kamera <<
switch0.22;Fa2/0/24;admin down;down;
switch0.22;Fa2/0/25;admin down;down;
switch0.22;Fa2/0/26;admin down;down;
switch0.22;Fa2/0/27;admin down;down;
switch0.22;Fa2/0/28;admin down;down;
switch0.22;Fa2/0/29;admin down;down;
switch0.22;Fa2/0/30;admin down;down;
switch0.22;Fa2/0/31;down;down;>> 02222510-oc-mlyny-rezerva <<
switch0.22;Fa2/0/32;down;down;>> 02222510-oc-mlyny-rezerva <<
switch0.22;Fa2/0/33;admin down;down;
switch0.22;Fa2/0/34;admin down;down;
switch0.22;Fa2/0/35;admin down;down;
switch0.22;Fa2/0/36;admin down;down;
switch0.22;Fa2/0/37;admin down;down;
switch0.22;Fa2/0/38;admin down;down;
switch0.22;Fa2/0/39;admin down;down;
switch0.22;Fa2/0/40;admin down;down;
switch0.22;Fa2/0/41;admin down;down;
switch0.22;Fa2/0/42;admin down;down;
switch0.22;Fa2/0/43;admin down;down;
switch0.22;Fa2/0/44;admin down;down;
switch0.22;Fa2/0/45;admin down;down;
switch0.22;Fa2/0/46;admin down;down;
switch0.22;Fa2/0/47;admin down;down;
switch0.22;Fa2/0/48;admin down;down;
switch0.22;Gi2/0/1;admin down;down;
switch0.22;Gi2/0/2;admin down;down;
switch0.22;Gi2/0/3;up;up;>> coreB <<
switch0.22;Gi2/0/4;up;up;>> coreB <<
switch1.03;Fa1/0/1;up;up;
switch1.03;Fa1/0/2;up;up;
switch1.03;Fa1/0/3;up;up;
switch1.03;Fa1/0/4;admin down;down;
switch1.03;Fa1/0/5;admin down;down;
switch1.03;Fa1/0/6;admin down;down;
switch1.03;Fa1/0/7;admin down;down;
switch1.03;Fa1/0/8;admin down;down;
switch1.03;Fa1/0/9;admin down;down;
switch1.03;Fa1/0/10;up;up;>> kamery <<
switch1.03;Fa1/0/11;up;up;>> kamery <<
switch1.03;Fa1/0/12;up;up;>> kamery <<
switch1.03;Fa1/0/13;up;up;>> kamery <<
switch1.03;Fa1/0/14;up;up;>> kamery <<
switch1.03;Fa1/0/15;up;up;>> kamery <<
switch1.03;Fa1/0/16;up;up;>> kamery <<
switch1.03;Fa1/0/17;down;down;>> kamery <<
switch1.03;Fa1/0/18;down;down;>> kamery <<
switch1.03;Fa1/0/19;down;down;>> kamery <<
switch1.03;Fa1/0/20;down;down;>> kamery <<
switch1.03;Fa1/0/21;up;up;>> kamery <<
switch1.03;Fa1/0/22;up;up;>> kamery <<
switch1.03;Fa1/0/23;up;up;>> kamery <<
switch1.03;Fa1/0/24;up;up;>> kamery <<
switch1.03;Fa1/0/25;admin down;down;
switch1.03;Fa1/0/26;admin down;down;
switch1.03;Fa1/0/27;admin down;down;
switch1.03;Fa1/0/28;admin down;down;
switch1.03;Fa1/0/29;admin down;down;
switch1.03;Fa1/0/30;admin down;down;
switch1.03;Fa1/0/31;admin down;down;
switch1.03;Fa1/0/32;admin down;down;
switch1.03;Fa1/0/33;up;up;>> SKV <<
switch1.03;Fa1/0/34;up;up;>> SKV <<
switch1.03;Fa1/0/35;up;up;>> SKV <<
switch1.03;Fa1/0/36;up;up;>> SKV <<
switch1.03;Fa1/0/37;up;up;>> SKV <<
switch1.03;Fa1/0/38;up;up;>> SKV <<
switch1.03;Fa1/0/39;admin down;down;
switch1.03;Fa1/0/40;admin down;down;
switch1.03;Fa1/0/41;admin down;down;
switch1.03;Fa1/0/42;admin down;down;
switch1.03;Fa1/0/43;admin down;down;
switch1.03;Fa1/0/44;admin down;down;
switch1.03;Fa1/0/45;admin down;down;
switch1.03;Fa1/0/46;admin down;down;
switch1.03;Fa1/0/47;admin down;down;
switch1.03;Fa1/0/48;admin down;down;
switch1.03;Gi1/0/1;admin down;down;
switch1.03;Gi1/0/2;admin down;down;
switch1.03;Gi1/0/3;up;up;>> coreA <<
switch1.03;Gi1/0/4;up;up;>> coreA <<
switch1.03;Fa2/0/1;admin down;down;
switch1.03;Fa2/0/2;down;down;>> 02672597 L2 okruh swan-dedoles <<
switch1.03;Fa2/0/3;admin down;down;
switch1.03;Fa2/0/4;up;up;>> 02202219-yves-rocher-slovakia <<
switch1.03;Fa2/0/5;up;up;>> 02204160 L2 okruh benestra-mbank <<
switch1.03;Fa2/0/6;admin down;down;
switch1.03;Fa2/0/7;up;up;>> 02202138-pon <<
switch1.03;Fa2/0/8;admin down;down;
switch1.03;Fa2/0/9;up;up;>> 02202175-a3-sport <<
switch1.03;Fa2/0/10;up;up;>> 02202187-blanco-m-m <<
switch1.03;Fa2/0/11;admin down;down;
switch1.03;Fa2/0/12;admin down;down;
switch1.03;Fa2/0/13;up;up;>> 02673279-last-mile-security <<
switch1.03;Fa2/0/14;up;up;>> 02202127-rpl <<
switch1.03;Fa2/0/15;admin down;down;!!! VADNY_PORT !!!
switch1.03;Fa2/0/16;down;down;>> 02202184-ordislovak <<
switch1.03;Fa2/0/17;up;up;>> 02968474-frisor-klier <<
switch1.03;Fa2/0/18;admin down;down;
switch1.03;Fa2/0/19;admin down;down;
switch1.03;Fa2/0/20;admin down;down;
switch1.03;Fa2/0/21;admin down;down;
switch1.03;Fa2/0/22;admin down;down;
switch1.03;Fa2/0/23;admin down;down;
switch1.03;Fa2/0/24;admin down;down;
switch1.03;Fa2/0/25;admin down;down;
switch1.03;Fa2/0/26;admin down;down;
switch1.03;Fa2/0/27;admin down;down;
switch1.03;Fa2/0/28;admin down;down;
switch1.03;Fa2/0/29;admin down;down;
switch1.03;Fa2/0/30;admin down;down;
switch1.03;Fa2/0/31;down;down;>> 02222510-oc-mlyny-rezerva <<
switch1.03;Fa2/0/32;down;down;>> 02222510-oc-mlyny-rezerva <<
switch1.03;Fa2/0/33;admin down;down;
switch1.03;Fa2/0/34;admin down;down;
switch1.03;Fa2/0/35;admin down;down;
switch1.03;Fa2/0/36;admin down;down;
switch1.03;Fa2/0/37;admin down;down;
switch1.03;Fa2/0/38;admin down;down;
switch1.03;Fa2/0/39;admin down;down;
switch1.03;Fa2/0/40;admin down;down;
switch1.03;Fa2/0/41;admin down;down;
switch1.03;Fa2/0/42;admin down;down;
switch1.03;Fa2/0/43;admin down;down;
switch1.03;Fa2/0/44;up;up;>> reklama main <<
switch1.03;Fa2/0/45;down;down;>> reklama <<
switch1.03;Fa2/0/46;down;down;>> reklama <<
switch1.03;Fa2/0/47;down;down;>> reklama <<
switch1.03;Fa2/0/48;down;down;>> reklama <<
switch1.03;Gi2/0/1;admin down;down;
switch1.03;Gi2/0/2;admin down;down;
switch1.03;Gi2/0/3;up;up;>> coreB <<
switch1.03;Gi2/0/4;up;up;>> coreB <<
switch1.38;Fa1/0/1;admin down;down;
switch1.38;Fa1/0/2;admin down;down;
switch1.38;Fa1/0/3;admin down;down;
switch1.38;Fa1/0/4;down;down;>> kamery <<
switch1.38;Fa1/0/5;down;down;>> kamery <<
switch1.38;Fa1/0/6;down;down;>> kamery <<
switch1.38;Fa1/0/7;down;down;>> kamery <<
switch1.38;Fa1/0/8;down;down;>> kamery <<
switch1.38;Fa1/0/9;up;up;>> kamery <<
switch1.38;Fa1/0/10;up;up;>> kamery <<
switch1.38;Fa1/0/11;up;up;>> kamery <<
switch1.38;Fa1/0/12;up;up;>> kamery <<
switch1.38;Fa1/0/13;up;up;>> kamery <<
switch1.38;Fa1/0/14;up;up;>> kamery <<
switch1.38;Fa1/0/15;up;up;>> kamery <<
switch1.38;Fa1/0/16;up;up;>> kamery <<
switch1.38;Fa1/0/17;up;up;>> kamery <<
switch1.38;Fa1/0/18;up;up;>> kamery <<
switch1.38;Fa1/0/19;up;up;>> kamery <<
switch1.38;Fa1/0/20;up;up;>> kamery <<
switch1.38;Fa1/0/21;up;up;>> kamery <<
switch1.38;Fa1/0/22;down;down;>> kamery <<
switch1.38;Fa1/0/23;up;up;>> kamery <<
switch1.38;Fa1/0/24;down;down;>> kamery <<
switch1.38;Fa1/0/25;up;up;>> kamery <<
switch1.38;Fa1/0/26;up;up;>> kamery <<
switch1.38;Fa1/0/27;up;up;>> kamery <<
switch1.38;Fa1/0/28;up;up;>> kamery <<
switch1.38;Fa1/0/29;up;up;>> kamery <<
switch1.38;Fa1/0/30;up;up;>> SKV <<
switch1.38;Fa1/0/31;up;up;>> SKV <<
switch1.38;Fa1/0/32;up;up;>> SKV <<
switch1.38;Fa1/0/33;up;up;>> SKV <<
switch1.38;Fa1/0/34;up;up;>> SKV <<
switch1.38;Fa1/0/35;up;up;>> SKV <<
switch1.38;Fa1/0/36;up;up;>> SKV <<
switch1.38;Fa1/0/37;up;up;>> SKV <<
switch1.38;Fa1/0/38;up;up;>> SKV <<
switch1.38;Fa1/0/39;up;up;>> SKV <<
switch1.38;Fa1/0/40;up;up;>> SKV <<
switch1.38;Fa1/0/41;up;up;>> SKV <<
switch1.38;Fa1/0/42;up;up;>> SKV <<
switch1.38;Fa1/0/43;up;up;>> SKV <<
switch1.38;Fa1/0/44;up;up;>> SKV <<
switch1.38;Fa1/0/45;up;up;>> parking <<
switch1.38;Fa1/0/46;up;up;>> parking <<
switch1.38;Fa1/0/47;up;up;>> parking <<
switch1.38;Fa1/0/48;up;up;>> parking <<
switch1.38;Gi1/0/1;admin down;down;
switch1.38;Gi1/0/2;admin down;down;
switch1.38;Gi1/0/3;up;up;>> coreA <<
switch1.38;Gi1/0/4;up;up;>> coreA <<
switch1.38;Fa2/0/1;admin down;down;
switch1.38;Fa2/0/2;admin down;down;
switch1.38;Fa2/0/3;up;up;>> 02707351-benu_lekaren114 <<
switch1.38;Fa2/0/4;up;up;>> 02202205-bubblestar-sk <<
switch1.38;Fa2/0/5;down;down;
switch1.38;Fa2/0/6;down;down;>> 02222510-oc-mlyny-suzzane-upratovanie <<
switch1.38;Fa2/0/7;down;down;>> 02245596-at-sport <<
switch1.38;Fa2/0/8;up;up;>> Fast Plus <<
switch1.38;Fa2/0/9;up;up;>> 02660674-dm-drogerie-mark <<
switch1.38;Fa2/0/10;admin down;down;
switch1.38;Fa2/0/11;up;up;>> 02218689 L2 okruh telekom-humanic <<
switch1.38;Fa2/0/12;up;up;>> 02763983 L2 okruh LASTMILE-Pull&Bear <<
switch1.38;Fa2/0/13;admin down;down;
switch1.38;Fa2/0/14;admin down;down;
switch1.38;Fa2/0/15;admin down;down;
switch1.38;Fa2/0/16;admin down;down;
switch1.38;Fa2/0/17;admin down;down;
switch1.38;Fa2/0/18;admin down;down;
switch1.38;Fa2/0/19;admin down;down;
switch1.38;Fa2/0/20;admin down;down;
switch1.38;Fa2/0/21;admin down;down;
switch1.38;Fa2/0/22;admin down;down;
switch1.38;Fa2/0/23;admin down;down;
switch1.38;Fa2/0/24;admin down;down;
switch1.38;Fa2/0/25;admin down;down;
switch1.38;Fa2/0/26;admin down;down;
switch1.38;Fa2/0/27;admin down;down;
switch1.38;Fa2/0/28;admin down;down;
switch1.38;Fa2/0/29;admin down;down;
switch1.38;Fa2/0/30;admin down;down;
switch1.38;Fa2/0/31;down;down;>> 02222510-oc-mlyny-rezerva <<
switch1.38;Fa2/0/32;down;down;>> 02222510-oc-mlyny-rezerva <<
switch1.38;Fa2/0/33;admin down;down;
switch1.38;Fa2/0/34;admin down;down;
switch1.38;Fa2/0/35;admin down;down;
switch1.38;Fa2/0/36;admin down;down;
switch1.38;Fa2/0/37;admin down;down;
switch1.38;Fa2/0/38;admin down;down;
switch1.38;Fa2/0/39;admin down;down;
switch1.38;Fa2/0/40;admin down;down;
switch1.38;Fa2/0/41;admin down;down;
switch1.38;Fa2/0/42;admin down;down;
switch1.38;Fa2/0/43;admin down;down;
switch1.38;Fa2/0/44;admin down;down;
switch1.38;Fa2/0/45;down;down;>> reklama <<
switch1.38;Fa2/0/46;down;down;>> reklama <<
switch1.38;Fa2/0/47;down;down;>> reklama <<
switch1.38;Fa2/0/48;down;down;>> reklama <<
switch1.38;Gi2/0/1;up;up;02768214;OSK;Pull&Bear_viaOPT
switch1.38;Gi2/0/2;admin down;down;
switch1.38;Gi2/0/3;up;up;>> coreB <<
switch1.38;Gi2/0/4;up;up;>> coreB <<
switch1.47;Fa1/0/1;up;up;c1242AP_Mlyny-8
switch1.47;Fa1/0/2;admin down;down;
switch1.47;Fa1/0/3;admin down;down;
switch1.47;Fa1/0/4;admin down;down;
switch1.47;Fa1/0/5;admin down;down;
switch1.47;Fa1/0/6;admin down;down;
switch1.47;Fa1/0/7;admin down;down;
switch1.47;Fa1/0/8;admin down;down;
switch1.47;Fa1/0/9;admin down;down;
switch1.47;Fa1/0/10;up;up;>> kamery <<
switch1.47;Fa1/0/11;up;up;>> kamery <<
switch1.47;Fa1/0/12;up;up;>> kamery <<
switch1.47;Fa1/0/13;up;up;>> kamery <<
switch1.47;Fa1/0/14;down;down;>> kamery <<
switch1.47;Fa1/0/15;up;up;>> kamery <<
switch1.47;Fa1/0/16;down;down;>> kamery <<
switch1.47;Fa1/0/17;down;down;>> kamery <<
switch1.47;Fa1/0/18;down;down;>> kamery <<
switch1.47;Fa1/0/19;down;down;>> kamery <<
switch1.47;Fa1/0/20;down;down;>> kamery <<
switch1.47;Fa1/0/21;down;down;>> kamery <<
switch1.47;Fa1/0/22;down;down;>> kamery <<
switch1.47;Fa1/0/23;down;down;>> kamery <<
switch1.47;Fa1/0/24;down;down;>> kamery <<
switch1.47;Fa1/0/25;admin down;down;
switch1.47;Fa1/0/26;admin down;down;
switch1.47;Fa1/0/27;admin down;down;
switch1.47;Fa1/0/28;admin down;down;
switch1.47;Fa1/0/29;admin down;down;
switch1.47;Fa1/0/30;admin down;down;
switch1.47;Fa1/0/31;admin down;down;
switch1.47;Fa1/0/32;admin down;down;
switch1.47;Fa1/0/33;up;up;>> SKV <<
switch1.47;Fa1/0/34;up;up;>> SKV <<
switch1.47;Fa1/0/35;admin down;down;
switch1.47;Fa1/0/36;up;up;>> parking <<
switch1.47;Fa1/0/37;up;up;>> parking <<
switch1.47;Fa1/0/38;up;up;>> parking <<
switch1.47;Fa1/0/39;up;up;>> parking <<
switch1.47;Fa1/0/40;up;up;>> parking <<
switch1.47;Fa1/0/41;up;up;>> parking <<
switch1.47;Fa1/0/42;down;down;>> parking <<
switch1.47;Fa1/0/43;up;up;>> parking <<
switch1.47;Fa1/0/44;up;up;>> parking <<
switch1.47;Fa1/0/45;up;up;>> parking <<
switch1.47;Fa1/0/46;up;up;>> parking <<
switch1.47;Fa1/0/47;up;up;>> parking <<
switch1.47;Fa1/0/48;down;down;
switch1.47;Gi1/0/1;admin down;down;
switch1.47;Gi1/0/2;admin down;down;
switch1.47;Gi1/0/3;up;up;>> coreA <<
switch1.47;Gi1/0/4;up;up;>> coreA <<
switch1.47;Fa2/0/1;admin down;down;
switch1.47;Fa2/0/2;admin down;down;
switch1.47;Fa2/0/3;up;up;>> 02202144-slovak-telekom <<
switch1.47;Fa2/0/4;admin down;down;
switch1.47;Fa2/0/5;up;up;>> 02198530-car-wellnes <<
switch1.47;Fa2/0/6;admin down;down;
switch1.47;Fa2/0/7;admin down;down;
switch1.47;Fa2/0/8;admin down;down;
switch1.47;Fa2/0/9;admin down;down;
switch1.47;Fa2/0/10;admin down;down;
switch1.47;Fa2/0/11;admin down;down;
switch1.47;Fa2/0/12;admin down;down;
switch1.47;Fa2/0/13;admin down;down;
switch1.47;Fa2/0/14;admin down;down;
switch1.47;Fa2/0/15;admin down;down;
switch1.47;Fa2/0/16;admin down;down;
switch1.47;Fa2/0/17;admin down;down;
switch1.47;Fa2/0/18;admin down;down;
switch1.47;Fa2/0/19;admin down;down;
switch1.47;Fa2/0/20;admin down;down;
switch1.47;Fa2/0/21;admin down;down;
switch1.47;Fa2/0/22;admin down;down;
switch1.47;Fa2/0/23;admin down;down;
switch1.47;Fa2/0/24;admin down;down;
switch1.47;Fa2/0/25;admin down;down;
switch1.47;Fa2/0/26;admin down;down;
switch1.47;Fa2/0/27;admin down;down;
switch1.47;Fa2/0/28;admin down;down;
switch1.47;Fa2/0/29;admin down;down;
switch1.47;Fa2/0/30;admin down;down;
switch1.47;Fa2/0/31;down;down;>> 02222510-oc-mlyny-rezerva <<
switch1.47;Fa2/0/32;down;down;>> 02222510-oc-mlyny-rezerva <<
switch1.47;Fa2/0/33;admin down;down;
switch1.47;Fa2/0/34;admin down;down;
switch1.47;Fa2/0/35;admin down;down;
switch1.47;Fa2/0/36;admin down;down;
switch1.47;Fa2/0/37;admin down;down;
switch1.47;Fa2/0/38;admin down;down;
switch1.47;Fa2/0/39;admin down;down;
switch1.47;Fa2/0/40;admin down;down;
switch1.47;Fa2/0/41;admin down;down;
switch1.47;Fa2/0/42;admin down;down;
switch1.47;Fa2/0/43;admin down;down;
switch1.47;Fa2/0/44;admin down;down;
switch1.47;Fa2/0/45;admin down;down;
switch1.47;Fa2/0/46;admin down;down;
switch1.47;Fa2/0/47;admin down;down;
switch1.47;Fa2/0/48;down;down;>> 02192952-marks&spencer <<
switch1.47;Gi2/0/1;admin down;down;
switch1.47;Gi2/0/2;down;down;PTV_KLIENT3 (v sprave EMM) 
switch1.47;Gi2/0/3;up;up;>> coreB <<
switch1.47;Gi2/0/4;up;up;>> coreB <<
switch2.22;Fa1/0/1;up;up;c1242AP_Mlyny-7
switch2.22;Fa1/0/2;admin down;down;
switch2.22;Fa1/0/3;admin down;down;
switch2.22;Fa1/0/4;admin down;down;
switch2.22;Fa1/0/5;admin down;down;
switch2.22;Fa1/0/6;admin down;down;
switch2.22;Fa1/0/7;admin down;down;
switch2.22;Fa1/0/8;admin down;down;
switch2.22;Fa1/0/9;admin down;down;
switch2.22;Fa1/0/10;down;down;>> kamery <<
switch2.22;Fa1/0/11;down;down;>> kamery <<
switch2.22;Fa1/0/12;down;down;>> kamery <<
switch2.22;Fa1/0/13;down;down;>> kamery <<
switch2.22;Fa1/0/14;down;down;>> kamery <<
switch2.22;Fa1/0/15;down;down;>> kamery <<
switch2.22;Fa1/0/16;down;down;>> kamery <<
switch2.22;Fa1/0/17;down;down;>> kamery <<
switch2.22;Fa1/0/18;down;down;>> kamery <<
switch2.22;Fa1/0/19;down;down;>> kamery <<
switch2.22;Fa1/0/20;down;down;>> kamery <<
switch2.22;Fa1/0/21;down;down;>> kamery <<
switch2.22;Fa1/0/22;down;down;>> kamery <<
switch2.22;Fa1/0/23;down;down;>> kamery <<
switch2.22;Fa1/0/24;down;down;>> kamery <<
switch2.22;Fa1/0/25;admin down;down;
switch2.22;Fa1/0/26;admin down;down;
switch2.22;Fa1/0/27;admin down;down;
switch2.22;Fa1/0/28;admin down;down;
switch2.22;Fa1/0/29;admin down;down;
switch2.22;Fa1/0/30;admin down;down;
switch2.22;Fa1/0/31;admin down;down;
switch2.22;Fa1/0/32;admin down;down;
switch2.22;Fa1/0/33;up;up;>> SKV <<
switch2.22;Fa1/0/34;up;up;>> SKV <<
switch2.22;Fa1/0/35;admin down;down;
switch2.22;Fa1/0/36;admin down;down;
switch2.22;Fa1/0/37;admin down;down;
switch2.22;Fa1/0/38;admin down;down;
switch2.22;Fa1/0/39;admin down;down;
switch2.22;Fa1/0/40;admin down;down;
switch2.22;Fa1/0/41;admin down;down;
switch2.22;Fa1/0/42;admin down;down;
switch2.22;Fa1/0/43;admin down;down;
switch2.22;Fa1/0/44;admin down;down;
switch2.22;Fa1/0/45;admin down;down;
switch2.22;Fa1/0/46;admin down;down;
switch2.22;Fa1/0/47;admin down;down;
switch2.22;Fa1/0/48;admin down;down;
switch2.22;Gi1/0/1;admin down;down;
switch2.22;Gi1/0/2;admin down;down;
switch2.22;Gi1/0/3;up;up;>> coreA <<
switch2.22;Gi1/0/4;up;up;>> coreA <<
switch2.22;Fa2/0/1;up;up;>> 02202213-gate <<
switch2.22;Fa2/0/2;up;up;>> 02202158-benu-sk-34 <<
switch2.22;Fa2/0/3;admin down;down;
switch2.22;Fa2/0/4;up;up;>> 02202136-enjoy-pu <<
switch2.22;Fa2/0/5;up;up;>> 02202149-star-silver <<
switch2.22;Fa2/0/6;admin down;down;
switch2.22;Fa2/0/7;up;up;>> 02202200-tescoma <<
switch2.22;Fa2/0/8;admin down;down;
switch2.22;Fa2/0/9;up;up;>> 02202223-ha-vel-slovakia <<
switch2.22;Fa2/0/10;up;up;>> 02424249 L2 okruh telekom-alpine-pro <<
switch2.22;Fa2/0/11;admin down;down;
switch2.22;Fa2/0/12;admin down;down;
switch2.22;Fa2/0/13;admin down;down;
switch2.22;Fa2/0/14;up;up;>> 02202167-qex <<
switch2.22;Fa2/0/15;up;up;>> 02202198-albi(povodne eiffel-optic) <<
switch2.22;Fa2/0/16;admin down;down;
switch2.22;Fa2/0/17;admin down;down;
switch2.22;Fa2/0/18;admin down;down;
switch2.22;Fa2/0/19;admin down;down;
switch2.22;Fa2/0/20;admin down;down;
switch2.22;Fa2/0/21;admin down;down;
switch2.22;Fa2/0/22;admin down;down;
switch2.22;Fa2/0/23;admin down;down;
switch2.22;Fa2/0/24;admin down;down;
switch2.22;Fa2/0/25;admin down;down;
switch2.22;Fa2/0/26;admin down;down;
switch2.22;Fa2/0/27;admin down;down;
switch2.22;Fa2/0/28;admin down;down;
switch2.22;Fa2/0/29;admin down;down;
switch2.22;Fa2/0/30;admin down;down;
switch2.22;Fa2/0/31;down;down;>> 02222510-oc-mlyny-rezerva <<
switch2.22;Fa2/0/32;down;down;>> 02222510-oc-mlyny-rezerva <<
switch2.22;Fa2/0/33;admin down;down;
switch2.22;Fa2/0/34;admin down;down;
switch2.22;Fa2/0/35;admin down;down;
switch2.22;Fa2/0/36;admin down;down;
switch2.22;Fa2/0/37;admin down;down;
switch2.22;Fa2/0/38;admin down;down;
switch2.22;Fa2/0/39;admin down;down;
switch2.22;Fa2/0/40;admin down;down;
switch2.22;Fa2/0/41;admin down;down;
switch2.22;Fa2/0/42;admin down;down;
switch2.22;Fa2/0/43;admin down;down;
switch2.22;Fa2/0/44;admin down;down;
switch2.22;Fa2/0/45;admin down;down;
switch2.22;Fa2/0/46;admin down;down;
switch2.22;Fa2/0/47;admin down;down;
switch2.22;Fa2/0/48;admin down;down;
switch2.22;Gi2/0/1;admin down;down;
switch2.22;Gi2/0/2;admin down;down;
switch2.22;Gi2/0/3;up;up;>> coreB <<
switch2.22;Gi2/0/4;up;up;>> coreB <<
switch2.28;Fa1/0/1;up;up;c1242AP_Mlyny-5
switch2.28;Fa1/0/2;up;up;c1242AP_Mlyny-6
switch2.28;Fa1/0/3;admin down;down;
switch2.28;Fa1/0/4;admin down;down;
switch2.28;Fa1/0/5;admin down;down;
switch2.28;Fa1/0/6;admin down;down;
switch2.28;Fa1/0/7;admin down;down;
switch2.28;Fa1/0/8;admin down;down;
switch2.28;Fa1/0/9;admin down;down;
switch2.28;Fa1/0/10;up;up;>> kamery <<
switch2.28;Fa1/0/11;up;up;>> kamery <<
switch2.28;Fa1/0/12;up;up;>> kamery <<
switch2.28;Fa1/0/13;up;up;>> kamery <<
switch2.28;Fa1/0/14;up;up;>> kamery <<
switch2.28;Fa1/0/15;up;up;>> kamery <<
switch2.28;Fa1/0/16;up;up;>> kamery <<
switch2.28;Fa1/0/17;up;up;>> kamery <<
switch2.28;Fa1/0/18;up;up;>> kamery <<
switch2.28;Fa1/0/19;up;up;>> kamery <<
switch2.28;Fa1/0/20;up;up;>> kamery <<
switch2.28;Fa1/0/21;up;up;>> kamery <<
switch2.28;Fa1/0/22;up;up;>> kamery <<
switch2.28;Fa1/0/23;down;down;>> kamery <<
switch2.28;Fa1/0/24;up;up;>> kamery <<
switch2.28;Fa1/0/25;down;down;>> kamery <<
switch2.28;Fa1/0/26;down;down;>> kamery <<
switch2.28;Fa1/0/27;down;down;>> kamery <<
switch2.28;Fa1/0/28;down;down;>> kamery <<
switch2.28;Fa1/0/29;down;down;>> kamery <<
switch2.28;Fa1/0/30;down;down;>> kamery <<
switch2.28;Fa1/0/31;down;down;>> kamery <<
switch2.28;Fa1/0/32;admin down;down;
switch2.28;Fa1/0/33;up;up;>> SKV <<
switch2.28;Fa1/0/34;up;up;>> SKV <<
switch2.28;Fa1/0/35;up;up;>> SKV <<
switch2.28;Fa1/0/36;up;up;>> SKV <<
switch2.28;Fa1/0/37;up;up;>> SKV <<
switch2.28;Fa1/0/38;admin down;down;
switch2.28;Fa1/0/39;admin down;down;
switch2.28;Fa1/0/40;admin down;down;
switch2.28;Fa1/0/41;admin down;down;
switch2.28;Fa1/0/42;admin down;down;
switch2.28;Fa1/0/43;admin down;down;
switch2.28;Fa1/0/44;admin down;down;
switch2.28;Fa1/0/45;admin down;down;
switch2.28;Fa1/0/46;admin down;down;
switch2.28;Fa1/0/47;down;down;>> parking <<
switch2.28;Fa1/0/48;up;up;>> parking <<
switch2.28;Gi1/0/1;down;down;
switch2.28;Gi1/0/2;down;down;
switch2.28;Gi1/0/3;up;up;>> coreA <<
switch2.28;Gi1/0/4;up;up;>> coreA <<
switch2.28;Fa2/0/1;admin down;down;>> 02202137-koala-tours <<
switch2.28;Fa2/0/2;up;up;>> 02362815-crypto-solution <<
switch2.28;Fa2/0/3;down;down;>> 02396676 L2 okruh telekom-raifaisen-banka <<
switch2.28;Fa2/0/4;up;up;>> 02925414 L2 okruh TELEKOM-C&A <<
switch2.28;Fa2/0/5;admin down;down;
switch2.28;Fa2/0/6;up;up;02202137-tip-travel
switch2.28;Fa2/0/7;up;up;>> 02202222-marlyn <<
switch2.28;Fa2/0/8;admin down;down;
switch2.28;Fa2/0/9;down;down;>> 02229489-c&a-voip <<
switch2.28;Fa2/0/10;up;up;>> 02567858-sofia-jewelry <<
switch2.28;Fa2/0/11;admin down;down;
switch2.28;Fa2/0/12;up;up;>> 02867989-s-oliver-slovakia <<
switch2.28;Fa2/0/13;up;up;>> 02202218-new-yorker-slovakia <<
switch2.28;Fa2/0/14;up;up;>> 02220261-new-yorker-slovakia-patton <<
switch2.28;Fa2/0/15;admin down;down;
switch2.28;Fa2/0/16;up;up;>> 02947087 SPP <<
switch2.28;Fa2/0/17;admin down;down;
switch2.28;Fa2/0/18;admin down;down;
switch2.28;Fa2/0/19;down;down;>> 02317761-marian-rucka-er-maan <<
switch2.28;Fa2/0/20;down;down;>> 02317749-marian-rucka-er-maan <<
switch2.28;Fa2/0/21;admin down;down;
switch2.28;Fa2/0/22;admin down;down;
switch2.28;Fa2/0/23;admin down;down;
switch2.28;Fa2/0/24;admin down;down;
switch2.28;Fa2/0/25;admin down;down;
switch2.28;Fa2/0/26;up;up;>> 02204241 L2 okruh benestra-posta <<
switch2.28;Fa2/0/27;admin down;down;
switch2.28;Fa2/0/28;admin down;down;
switch2.28;Fa2/0/29;admin down;down;
switch2.28;Fa2/0/30;admin down;down;
switch2.28;Fa2/0/31;down;down;>> 02222510-oc-mlyny-rezerva <<
switch2.28;Fa2/0/32;down;down;>> 02222510-oc-mlyny-rezerva <<
switch2.28;Fa2/0/33;admin down;down;
switch2.28;Fa2/0/34;admin down;down;
switch2.28;Fa2/0/35;admin down;down;
switch2.28;Fa2/0/36;admin down;down;
switch2.28;Fa2/0/37;admin down;down;
switch2.28;Fa2/0/38;admin down;down;
switch2.28;Fa2/0/39;admin down;down;
switch2.28;Fa2/0/40;admin down;down;
switch2.28;Fa2/0/41;admin down;down;
switch2.28;Fa2/0/42;admin down;down;
switch2.28;Fa2/0/43;admin down;down;
switch2.28;Fa2/0/44;admin down;down;
switch2.28;Fa2/0/45;down;down;>> reklama <<
switch2.28;Fa2/0/46;down;down;>> reklama <<
switch2.28;Fa2/0/47;down;down;>> reklama <<
switch2.28;Fa2/0/48;down;down;>> reklama <<
switch2.28;Gi2/0/1;down;down;
switch2.28;Gi2/0/2;down;down;
switch2.28;Gi2/0/3;up;up;>> coreB <<
switch2.28;Gi2/0/4;up;up;>> coreB <<
switch2.30;Fa1/0/1;admin down;down;
switch2.30;Fa1/0/2;admin down;down;
switch2.30;Fa1/0/3;admin down;down;
switch2.30;Fa1/0/4;admin down;down;
switch2.30;Fa1/0/5;admin down;down;
switch2.30;Fa1/0/6;admin down;down;
switch2.30;Fa1/0/7;admin down;down;
switch2.30;Fa1/0/8;admin down;down;
switch2.30;Fa1/0/9;admin down;down;
switch2.30;Fa1/0/10;up;up;>> kamery <<
switch2.30;Fa1/0/11;up;up;>> kamery <<
switch2.30;Fa1/0/12;up;up;>> kamery <<
switch2.30;Fa1/0/13;up;up;>> kamery <<
switch2.30;Fa1/0/14;down;down;>> kamery <<
switch2.30;Fa1/0/15;down;down;>> kamery <<
switch2.30;Fa1/0/16;down;down;>> kamery <<
switch2.30;Fa1/0/17;down;down;>> kamery <<
switch2.30;Fa1/0/18;down;down;>> kamery <<
switch2.30;Fa1/0/19;down;down;>> kamery <<
switch2.30;Fa1/0/20;down;down;>> kamery <<
switch2.30;Fa1/0/21;down;down;>> kamery <<
switch2.30;Fa1/0/22;down;down;>> kamery <<
switch2.30;Fa1/0/23;down;down;>> kamery <<
switch2.30;Fa1/0/24;down;down;>> kamery <<
switch2.30;Fa1/0/25;admin down;down;
switch2.30;Fa1/0/26;admin down;down;
switch2.30;Fa1/0/27;admin down;down;
switch2.30;Fa1/0/28;admin down;down;
switch2.30;Fa1/0/29;admin down;down;
switch2.30;Fa1/0/30;admin down;down;
switch2.30;Fa1/0/31;down;down;>> 02222510-oc-mlyny-rezerva <<
switch2.30;Fa1/0/32;down;down;>> 02222510-oc-mlyny-rezerva <<
switch2.30;Fa1/0/33;up;up;>> 02955907;TCOM(CK-KARTAGO);BA-NR-XXXXX;MPLS-XC(non-QinQ) <<
switch2.30;Fa1/0/34;up;up;>> 02486331-MNRX <<
switch2.30;Fa1/0/35;up;up;>> 02202188-deichmann-obuv-sk <<
switch2.30;Fa1/0/36;up;up;02458321-smarty-sk
switch2.30;Fa1/0/37;up;up;>> 02204171 L2 okruh benestra-kartago <<
switch2.30;Fa1/0/38;up;up;>> 02362923-ccc-slovakia <<
switch2.30;Fa1/0/39;admin down;down;
switch2.30;Fa1/0/40;admin down;down;
switch2.30;Fa1/0/41;admin down;down;
switch2.30;Fa1/0/42;admin down;down;
switch2.30;Fa1/0/43;admin down;down;
switch2.30;Fa1/0/44;admin down;down;
switch2.30;Fa1/0/45;admin down;down;
switch2.30;Fa1/0/46;admin down;down;
switch2.30;Fa1/0/47;admin down;down;
switch2.30;Fa1/0/48;admin down;down;
switch2.30;Gi1/0/1;up;up;>> coreB <<
switch2.30;Gi1/0/2;up;up;>> coreB <<
switch2.30;Gi1/0/3;up;up;>> coreA <<
switch2.30;Gi1/0/4;up;up;>> coreA <<
switch3.03;Fa1/0/1;up;up;c1242AP_Mlyny-3
switch3.03;Fa1/0/2;up;up;c1242AP_Mlyny-4
switch3.03;Fa1/0/3;down;down;c1242AP_Mlyny-5
switch3.03;Fa1/0/4;admin down;down;
switch3.03;Fa1/0/5;admin down;down;
switch3.03;Fa1/0/6;admin down;down;
switch3.03;Fa1/0/7;admin down;down;
switch3.03;Fa1/0/8;admin down;down;
switch3.03;Fa1/0/9;admin down;down;
switch3.03;Fa1/0/10;down;down;>> kamery <<
switch3.03;Fa1/0/11;up;up;>> kamery <<
switch3.03;Fa1/0/12;up;up;>> kamery <<
switch3.03;Fa1/0/13;up;up;>> kamery <<
switch3.03;Fa1/0/14;up;up;>> kamery <<
switch3.03;Fa1/0/15;up;up;>> kamery <<
switch3.03;Fa1/0/16;up;up;>> kamery <<
switch3.03;Fa1/0/17;up;up;>> kamery <<
switch3.03;Fa1/0/18;down;down;>> kamery <<
switch3.03;Fa1/0/19;down;down;>> kamery <<
switch3.03;Fa1/0/20;down;down;>> kamery <<
switch3.03;Fa1/0/21;down;down;>> kamery <<
switch3.03;Fa1/0/22;down;down;>> kamery <<
switch3.03;Fa1/0/23;down;down;>> kamery <<
switch3.03;Fa1/0/24;down;down;>> kamery <<
switch3.03;Fa1/0/25;admin down;down;
switch3.03;Fa1/0/26;admin down;down;
switch3.03;Fa1/0/27;admin down;down;
switch3.03;Fa1/0/28;admin down;down;
switch3.03;Fa1/0/29;admin down;down;
switch3.03;Fa1/0/30;admin down;down;
switch3.03;Fa1/0/31;admin down;down;
switch3.03;Fa1/0/32;admin down;down;
switch3.03;Fa1/0/33;up;up;>> SKV <<
switch3.03;Fa1/0/34;admin down;down;
switch3.03;Fa1/0/35;admin down;down;
switch3.03;Fa1/0/36;admin down;down;
switch3.03;Fa1/0/37;admin down;down;
switch3.03;Fa1/0/38;admin down;down;
switch3.03;Fa1/0/39;admin down;down;
switch3.03;Fa1/0/40;admin down;down;
switch3.03;Fa1/0/41;admin down;down;
switch3.03;Fa1/0/42;admin down;down;
switch3.03;Fa1/0/43;admin down;down;
switch3.03;Fa1/0/44;admin down;down;
switch3.03;Fa1/0/45;admin down;down;
switch3.03;Fa1/0/46;admin down;down;
switch3.03;Fa1/0/47;admin down;down;
switch3.03;Fa1/0/48;admin down;down;
switch3.03;Gi1/0/1;admin down;down;
switch3.03;Gi1/0/2;admin down;down;
switch3.03;Gi1/0/3;up;up;>> coreA <<
switch3.03;Gi1/0/4;up;up;>> coreA <<
switch3.03;Fa2/0/1;up;up;>> 02202179-koh-i-noor <<
switch3.03;Fa2/0/2;up;up;>> 02202216-majda <<
switch3.03;Fa2/0/3;up;up;>> 02202225-b-k-service <<
switch3.03;Fa2/0/4;up;up;>> 02202180-euro-gastro-group(ezare) <<
switch3.03;Fa2/0/5;up;up;>> 02202169-traco-computers(westech) <<
switch3.03;Fa2/0/6;up;up;>> 02686908-metal-n-hung <<
switch3.03;Fa2/0/7;up;up;>> 02202160-tian-tang <<
switch3.03;Fa2/0/8;admin down;down;>> 02486331-MNRX <<
switch3.03;Fa2/0/9;down;down;>> 02174053-hoplaland <<
switch3.03;Fa2/0/10;admin down;down;
switch3.03;Fa2/0/11;admin down;down;
switch3.03;Fa2/0/12;admin down;down;
switch3.03;Fa2/0/13;admin down;down;
switch3.03;Fa2/0/14;admin down;down;
switch3.03;Fa2/0/15;admin down;down;
switch3.03;Fa2/0/16;admin down;down;
switch3.03;Fa2/0/17;admin down;down;
switch3.03;Fa2/0/18;admin down;down;
switch3.03;Fa2/0/19;admin down;down;
switch3.03;Fa2/0/20;admin down;down;
switch3.03;Fa2/0/21;admin down;down;
switch3.03;Fa2/0/22;admin down;down;
switch3.03;Fa2/0/23;admin down;down;
switch3.03;Fa2/0/24;admin down;down;
switch3.03;Fa2/0/25;admin down;down;
switch3.03;Fa2/0/26;admin down;down;
switch3.03;Fa2/0/27;admin down;down;
switch3.03;Fa2/0/28;admin down;down;
switch3.03;Fa2/0/29;admin down;down;
switch3.03;Fa2/0/30;admin down;down;
switch3.03;Fa2/0/31;down;down;>> 02222510-oc-mlyny-rezerva <<
switch3.03;Fa2/0/32;down;down;>> 02222510-oc-mlyny-rezerva <<
switch3.03;Fa2/0/33;admin down;down;
switch3.03;Fa2/0/34;admin down;down;
switch3.03;Fa2/0/35;admin down;down;
switch3.03;Fa2/0/36;admin down;down;
switch3.03;Fa2/0/37;admin down;down;
switch3.03;Fa2/0/38;admin down;down;
switch3.03;Fa2/0/39;admin down;down;
switch3.03;Fa2/0/40;admin down;down;
switch3.03;Fa2/0/41;admin down;down;
switch3.03;Fa2/0/42;admin down;down;
switch3.03;Fa2/0/43;admin down;down;
switch3.03;Fa2/0/44;admin down;down;
switch3.03;Fa2/0/45;down;down;>> reklama <<
switch3.03;Fa2/0/46;down;down;>> reklama <<
switch3.03;Fa2/0/47;down;down;>> reklama <<
switch3.03;Fa2/0/48;down;down;>> reklama <<
switch3.03;Gi2/0/1;admin down;down;
switch3.03;Gi2/0/2;admin down;down;
switch3.03;Gi2/0/3;up;up;>> coreB <<
switch3.03;Gi2/0/4;up;up;>> coreB <<
switch3.18;Fa1/0/1;down;down;
switch3.18;Fa1/0/2;down;down;>> velin pristup wlc controller <<
switch3.18;Fa1/0/3;down;down;>> ustredna <<
switch3.18;Fa1/0/4;up;up;>> rozne <<
switch3.18;Fa1/0/5;up;up;>> 02222510-oc-mlyny-parking <<
switch3.18;Fa1/0/6;up;up;SKIDATA_FIREWALL
switch3.18;Fa1/0/7;down;down;>> 02202178-ariola <<
switch3.18;Fa1/0/8;down;down;PC SKIDATA(validator)
switch3.18;Fa1/0/9;up;up;>> SKV <<
switch3.18;Fa1/0/10;up;up;>> kamery <<
switch3.18;Fa1/0/11;up;up;>> kamery <<
switch3.18;Fa1/0/12;up;up;>> kamery <<
switch3.18;Fa1/0/13;up;up;>> kamery <<
switch3.18;Fa1/0/14;up;up;>> kamery <<
switch3.18;Fa1/0/15;down;down;>> kamery <<
switch3.18;Fa1/0/16;up;up;>> kamery <<
switch3.18;Fa1/0/17;up;up;>> kamery <<
switch3.18;Fa1/0/18;up;up;>> kamery <<
switch3.18;Fa1/0/19;up;up;>> kamery <<
switch3.18;Fa1/0/20;up;up;>> kamery <<
switch3.18;Fa1/0/21;up;up;>> kamery <<
switch3.18;Fa1/0/22;down;down;>> kamery <<
switch3.18;Fa1/0/23;down;down;>> kamery <<
switch3.18;Fa1/0/24;down;down;>> kamery <<
switch3.18;Fa1/0/25;down;down;>> pc kamery <<
switch3.18;Fa1/0/26;down;down;>> pc kamery <<
switch3.18;Fa1/0/27;down;down;>> pc kamery <<
switch3.18;Fa1/0/28;down;down;>> pc kamery <<
switch3.18;Fa1/0/29;down;down;>> recordery kamery <<
switch3.18;Fa1/0/30;down;down;>> recordery kamery <<
switch3.18;Fa1/0/31;down;down;>> recordery kamery <<
switch3.18;Fa1/0/32;up;up;>> SKV <<
switch3.18;Fa1/0/33;down;down;>> SKV <<
switch3.18;Fa1/0/34;up;up;>> SKV <<
switch3.18;Fa1/0/35;up;up;>> SKV <<
switch3.18;Fa1/0/36;up;up;>> SKV <<
switch3.18;Fa1/0/37;up;up;>> SKV <<
switch3.18;Fa1/0/38;up;up;>> SKV <<
switch3.18;Fa1/0/39;up;up;>> SKV <<
switch3.18;Fa1/0/40;up;up;>> EMM EPS server <<
switch3.18;Fa1/0/41;up;up;>> SKV <<
switch3.18;Fa1/0/42;up;up;>> SKV <<
switch3.18;Fa1/0/43;up;up;>> Siemens velin PC <<
switch3.18;Fa1/0/44;up;up;>> SALTO - SKV <<
switch3.18;Fa1/0/45;up;up;>> parking system <<
switch3.18;Fa1/0/46;up;up;>> parking system <<
switch3.18;Fa1/0/47;up;up;>> parking system <<
switch3.18;Fa1/0/48;up;up;>> parking system <<
switch3.18;Gi1/0/1;admin down;down;
switch3.18;Gi1/0/2;admin down;down;
switch3.18;Gi1/0/3;up;up;>> coreA <<
switch3.18;Gi1/0/4;up;up;>> coreA <<
switch3.18;Fa2/0/1;up;up;
switch3.18;Fa2/0/2;down;down;--SIEMENS_REG--
switch3.18;Fa2/0/3;up;up;--SIEMENS_REG--
switch3.18;Fa2/0/4;down;down;--SIEMENS_REG--
switch3.18;Fa2/0/5;down;down;--SIEMENS_REG--
switch3.18;Fa2/0/6;up;up;
switch3.18;Fa2/0/7;down;down;
switch3.18;Fa2/0/8;up;up;
switch3.18;Fa2/0/9;down;down;
switch3.18;Fa2/0/10;up;up;>> VPBX_VOIP <<
switch3.18;Fa2/0/11;down;down;>> VOIP_vratnik pult <<
switch3.18;Fa2/0/12;up;up;>> VOIP_vratnik WC 1 <<
switch3.18;Fa2/0/13;up;up;>> VOIP_vratnik WC 2 <<
switch3.18;Fa2/0/14;up;up;>> VOIP_vratnik zasobovanie <<
switch3.18;Fa2/0/15;up;up;>> 02396682 L2 okruh telekom-tatrabanka;OPT1608 to 1609 <<
switch3.18;Fa2/0/16;up;up;>> 02204197 L2 okruh benestra-panta-rhei << ;viaEoVDSL_PLANET_SN: AC00116700973
switch3.18;Fa2/0/17;admin down;down;
switch3.18;Fa2/0/18;admin down;down;>> 02204216 L2 okruh benestra-arriva << zrusene P2022030110011635
switch3.18;Fa2/0/19;up;up;>> 02204222 L2 okruh benestra-VUB2 <<
switch3.18;Fa2/0/20;admin down;down;>> 02204268 L2 okruh benestra-SLSP pre telekom <<
switch3.18;Fa2/0/21;up;up;>> 02204230 L2 okruh benestra-tatrabanka <<
switch3.18;Fa2/0/22;up;up;>> VOIP_Infopult <<
switch3.18;Fa2/0/23;up;up;>> 02204239 L2 okruh benestra-tatrabanka2 <<
switch3.18;Fa2/0/24;up;up;>> VOIP_Lieskovska <<
switch3.18;Fa2/0/25;admin down;down;
switch3.18;Fa2/0/26;up;up;>> VOIP_rezerva << 
switch3.18;Fa2/0/27;up;up;>> VOIP_rezerva <<
switch3.18;Fa2/0/28;up;up;>> 02204254 L2 okruh benestra-tchibo <<
switch3.18;Fa2/0/29;up;up;>> VOIP_rezerva <<
switch3.18;Fa2/0/30;admin down;down;
switch3.18;Fa2/0/31;down;down;>> 02222510-oc-mlyny-rezerva <<
switch3.18;Fa2/0/32;down;down;>> 02222510-oc-mlyny-rezerva <<
switch3.18;Fa2/0/33;up;up;>> 02566445 L2 okruh orange-bershka <<
switch3.18;Fa2/0/34;up;up;>> 02330618-inditex(bershka)-slovakia <<
switch3.18;Fa2/0/35;up;up;>> 02330617-inditex(bershka)-slovakia <<
switch3.18;Fa2/0/36;down;down;>> kamery <<
switch3.18;Fa2/0/37;down;down;>> kamery <<
switch3.18;Fa2/0/38;down;down;>> kamery <<
switch3.18;Fa2/0/39;down;down;>> kamery <<
switch3.18;Fa2/0/40;down;down;>> kamery <<
switch3.18;Fa2/0/41;admin down;down;
switch3.18;Fa2/0/42;down;down;>> kamery <<
switch3.18;Fa2/0/43;down;down;>> kamery <<
switch3.18;Fa2/0/44;down;down;>> kamery <<
switch3.18;Fa2/0/45;down;down;>> kamery <<
switch3.18;Fa2/0/46;admin down;down;
switch3.18;Fa2/0/47;admin down;down;
switch3.18;Fa2/0/48;admin down;down;
switch3.18;Gi2/0/1;down;down;>> 02330192  L2 okruh benestra-inditex <<
switch3.18;Gi2/0/2;up;up;>> 02381759 TELEKOM_OC-MLYNY_BILLA;via OPT1607 <<
switch3.18;Gi2/0/3;up;up;>> coreB <<
switch3.18;Gi2/0/4;down;down;>> coreB <<
switch3.29;Fa1/0/1;up;up;>>> Wifi c1242AP_Mlyny-2, 3.1D 11 <<<
switch3.29;Fa1/0/2;admin down;down;
switch3.29;Fa1/0/3;admin down;down;
switch3.29;Fa1/0/4;admin down;down;
switch3.29;Fa1/0/5;admin down;down;
switch3.29;Fa1/0/6;admin down;down;
switch3.29;Fa1/0/7;admin down;down;
switch3.29;Fa1/0/8;admin down;down;
switch3.29;Fa1/0/9;admin down;down;
switch3.29;Fa1/0/10;up;up;>> kamery <<
switch3.29;Fa1/0/11;up;up;>> kamery <<
switch3.29;Fa1/0/12;up;up;>> kamery <<
switch3.29;Fa1/0/13;up;up;>> kamery <<
switch3.29;Fa1/0/14;up;up;>> kamery <<
switch3.29;Fa1/0/15;up;up;>> kamery <<
switch3.29;Fa1/0/16;up;up;>> kamery <<
switch3.29;Fa1/0/17;up;up;>> kamery <<
switch3.29;Fa1/0/18;up;up;>> kamery <<
switch3.29;Fa1/0/19;up;up;>> kamery <<
switch3.29;Fa1/0/20;up;up;>> kamery <<
switch3.29;Fa1/0/21;up;up;>> kamery <<
switch3.29;Fa1/0/22;up;up;>> kamery <<
switch3.29;Fa1/0/23;up;up;>> kamery <<
switch3.29;Fa1/0/24;down;down;>> kamery <<
switch3.29;Fa1/0/25;down;down;>> kamery <<
switch3.29;Fa1/0/26;down;down;>> kamery <<
switch3.29;Fa1/0/27;down;down;>> kamery <<
switch3.29;Fa1/0/28;down;down;>> kamery <<
switch3.29;Fa1/0/29;down;down;>> kamery <<
switch3.29;Fa1/0/30;down;down;>> kamery <<
switch3.29;Fa1/0/31;admin down;down;
switch3.29;Fa1/0/32;admin down;down;
switch3.29;Fa1/0/33;up;up;>> SKV <<
switch3.29;Fa1/0/34;up;up;>> SKV <<
switch3.29;Fa1/0/35;up;up;>> SKV <<
switch3.29;Fa1/0/36;up;up;>> SKV <<
switch3.29;Fa1/0/37;up;up;>> SKV <<
switch3.29;Fa1/0/38;admin down;down;
switch3.29;Fa1/0/39;admin down;down;
switch3.29;Fa1/0/40;admin down;down;
switch3.29;Fa1/0/41;admin down;down;
switch3.29;Fa1/0/42;admin down;down;
switch3.29;Fa1/0/43;admin down;down;
switch3.29;Fa1/0/44;admin down;down;
switch3.29;Fa1/0/45;admin down;down;
switch3.29;Fa1/0/46;admin down;down;
switch3.29;Fa1/0/47;admin down;down;
switch3.29;Fa1/0/48;admin down;down;
switch3.29;Gi1/0/1;admin down;down;
switch3.29;Gi1/0/2;admin down;down;
switch3.29;Gi1/0/3;up;up;>> coreA <<
switch3.29;Gi1/0/4;up;up;>> coreA <<
switch3.29;Fa2/0/1;up;up;>> 02234067-doremi <<
switch3.29;Fa2/0/2;admin down;down;
switch3.29;Fa2/0/3;up;up;>> 02202130-faxcopy <<
switch3.29;Fa2/0/4;up;up;>> 02202171-statisticke-evidencne-vydavatelstvo(sevt) <<
switch3.29;Fa2/0/5;admin down;down;
switch3.29;Fa2/0/6;admin down;down;
switch3.29;Fa2/0/7;up;up;>> 2652369-swan_mm_medical <<
switch3.29;Fa2/0/8;admin down;down;
switch3.29;Fa2/0/9;admin down;down;
switch3.29;Fa2/0/10;up;up;>> 02202227-nike <<
switch3.29;Fa2/0/11;admin down;down;
switch3.29;Fa2/0/12;up;up;>> 02202182-city-realex <<
switch3.29;Fa2/0/13;up;up;>> 02265739-ifix <<
switch3.29;Fa2/0/14;up;up;>> 02202155-at-sport-NEW <<
switch3.29;Fa2/0/15;up;up;>> 02202132-fast-plus <<
switch3.29;Fa2/0/16;up;up;>> Fast Plus <<
switch3.29;Fa2/0/17;up;up;>> parking system <<
switch3.29;Fa2/0/18;admin down;down;
switch3.29;Fa2/0/19;admin down;down;
switch3.29;Fa2/0/20;up;up;>> 02869746-Slovak Telekom <<
switch3.29;Fa2/0/21;admin down;down;
switch3.29;Fa2/0/22;admin down;down;
switch3.29;Fa2/0/23;admin down;down;
switch3.29;Fa2/0/24;admin down;down;
switch3.29;Fa2/0/25;admin down;down;
switch3.29;Fa2/0/26;admin down;down;
switch3.29;Fa2/0/27;admin down;down;
switch3.29;Fa2/0/28;admin down;down;
switch3.29;Fa2/0/29;admin down;down;
switch3.29;Fa2/0/30;admin down;down;
switch3.29;Fa2/0/31;up;up;>> 02222510-oc-mlyny-rezerva <<
switch3.29;Fa2/0/32;down;down;>> 02222510-oc-mlyny-rezerva <<
switch3.29;Fa2/0/33;admin down;down;
switch3.29;Fa2/0/34;admin down;down;
switch3.29;Fa2/0/35;admin down;down;
switch3.29;Fa2/0/36;admin down;down;
switch3.29;Fa2/0/37;admin down;down;
switch3.29;Fa2/0/38;admin down;down;
switch3.29;Fa2/0/39;admin down;down;
switch3.29;Fa2/0/40;admin down;down;
switch3.29;Fa2/0/41;admin down;down;
switch3.29;Fa2/0/42;admin down;down;
switch3.29;Fa2/0/43;admin down;down;
switch3.29;Fa2/0/44;admin down;down;
switch3.29;Fa2/0/45;admin down;down;
switch3.29;Fa2/0/46;admin down;down;
switch3.29;Fa2/0/47;down;down;>> 02168060 L2 okruh benestra-vub <<
switch3.29;Fa2/0/48;up;up;>> 02193131-slovak_telekom <<
switch3.29;Gi2/0/1;admin down;down;
switch3.29;Gi2/0/2;admin down;down;
switch3.29;Gi2/0/3;up;up;>> coreB <<
switch3.29;Gi2/0/4;up;up;>> coreB <<
switch3.37;Fa1/0/1;admin down;down;
switch3.37;Fa1/0/2;admin down;down;
switch3.37;Fa1/0/3;admin down;down;
switch3.37;Fa1/0/4;admin down;down;
switch3.37;Fa1/0/5;admin down;down;
switch3.37;Fa1/0/6;admin down;down;
switch3.37;Fa1/0/7;admin down;down;
switch3.37;Fa1/0/8;admin down;down;
switch3.37;Fa1/0/9;admin down;down;
switch3.37;Fa1/0/10;up;up;>> kamery <<
switch3.37;Fa1/0/11;up;up;>> kamery <<
switch3.37;Fa1/0/12;up;up;>> kamery <<
switch3.37;Fa1/0/13;up;up;>> kamery <<
switch3.37;Fa1/0/14;up;up;>> kamery <<
switch3.37;Fa1/0/15;up;up;>> kamery <<
switch3.37;Fa1/0/16;up;up;>> kamery <<
switch3.37;Fa1/0/17;up;up;>> kamery <<
switch3.37;Fa1/0/18;up;up;>> kamery <<
switch3.37;Fa1/0/19;up;up;>> kamery <<
switch3.37;Fa1/0/20;up;up;>> kamery <<
switch3.37;Fa1/0/21;up;up;>> kamery <<
switch3.37;Fa1/0/22;up;up;>> kamery <<
switch3.37;Fa1/0/23;up;up;>> kamery <<
switch3.37;Fa1/0/24;up;up;>> kamery <<
switch3.37;Fa1/0/25;down;down;>> kamery <<
switch3.37;Fa1/0/26;up;up;>> kamery <<
switch3.37;Fa1/0/27;down;down;>> kamery <<
switch3.37;Fa1/0/28;down;down;>> kamery <<
switch3.37;Fa1/0/29;down;down;>> kamery <<
switch3.37;Fa1/0/30;down;down;>> kamery <<
switch3.37;Fa1/0/31;down;down;>> kamery <<
switch3.37;Fa1/0/32;admin down;down;
switch3.37;Fa1/0/33;up;up;>> SKV <<
switch3.37;Fa1/0/34;up;up;>> SKV <<
switch3.37;Fa1/0/35;up;up;>> SKV <<
switch3.37;Fa1/0/36;up;up;>> SKV <<
switch3.37;Fa1/0/37;up;up;>> SKV <<
switch3.37;Fa1/0/38;admin down;down;
switch3.37;Fa1/0/39;admin down;down;
switch3.37;Fa1/0/40;admin down;down;
switch3.37;Fa1/0/41;admin down;down;
switch3.37;Fa1/0/42;up;up;>> parking <<
switch3.37;Fa1/0/43;up;up;>> parking <<
switch3.37;Fa1/0/44;up;up;>> parking <<
switch3.37;Fa1/0/45;up;up;>> parking <<
switch3.37;Fa1/0/46;up;up;>> parking <<
switch3.37;Fa1/0/47;down;down;>> parking <<
switch3.37;Fa1/0/48;up;up;>> parking <<
switch3.37;Gi1/0/1;admin down;down;
switch3.37;Gi1/0/2;admin down;down;
switch3.37;Gi1/0/3;up;up;>> coreA <<
switch3.37;Gi1/0/4;up;up;>> coreA <<
switch3.37;Fa2/0/1;up;up;>> 02202203-ags-92 <<
switch3.37;Fa2/0/2;admin down;down;
switch3.37;Fa2/0/3;admin down;down;
switch3.37;Fa2/0/4;up;up;>> 02202134-dracik <<
switch3.37;Fa2/0/5;up;up;>> 02202228-placek-premium <<
switch3.37;Fa2/0/6;up;up;>> 02291262-time-out-plus <<
switch3.37;Fa2/0/7;up;up;>> 02192671-havel-h&m <<
switch3.37;Fa2/0/8;up;up;>> 02230077-h&m-pbx <<
switch3.37;Fa2/0/9;up;up;>> 02219039-h&m <<
switch3.37;Fa2/0/10;admin down;down;
switch3.37;Fa2/0/11;admin down;down;
switch3.37;Fa2/0/12;admin down;down;
switch3.37;Fa2/0/13;admin down;down;
switch3.37;Fa2/0/14;admin down;down;
switch3.37;Fa2/0/15;admin down;down;
switch3.37;Fa2/0/16;admin down;down;
switch3.37;Fa2/0/17;admin down;down;
switch3.37;Fa2/0/18;admin down;down;
switch3.37;Fa2/0/19;admin down;down;
switch3.37;Fa2/0/20;admin down;down;
switch3.37;Fa2/0/21;admin down;down;
switch3.37;Fa2/0/22;admin down;down;
switch3.37;Fa2/0/23;admin down;down;
switch3.37;Fa2/0/24;admin down;down;
switch3.37;Fa2/0/25;admin down;down;
switch3.37;Fa2/0/26;admin down;down;
switch3.37;Fa2/0/27;admin down;down;
switch3.37;Fa2/0/28;admin down;down;
switch3.37;Fa2/0/29;admin down;down;
switch3.37;Fa2/0/30;admin down;down;
switch3.37;Fa2/0/31;down;down;>> 02222510-oc-mlyny-rezerva <<
switch3.37;Fa2/0/32;down;down;>> 02222510-oc-mlyny-rezerva <<
switch3.37;Fa2/0/33;admin down;down;
switch3.37;Fa2/0/34;admin down;down;
switch3.37;Fa2/0/35;admin down;down;
switch3.37;Fa2/0/36;admin down;down;
switch3.37;Fa2/0/37;admin down;down;
switch3.37;Fa2/0/38;admin down;down;
switch3.37;Fa2/0/39;admin down;down;
switch3.37;Fa2/0/40;admin down;down;
switch3.37;Fa2/0/41;admin down;down;
switch3.37;Fa2/0/42;admin down;down;
switch3.37;Fa2/0/43;admin down;down;
switch3.37;Fa2/0/44;admin down;down;
switch3.37;Fa2/0/45;admin down;down;
switch3.37;Fa2/0/46;admin down;down;
switch3.37;Fa2/0/47;admin down;down;
switch3.37;Fa2/0/48;admin down;down;
switch3.37;Gi2/0/1;admin down;down;
switch3.37;Gi2/0/2;admin down;down;
switch3.37;Gi2/0/3;up;up;>> coreB <<
switch3.37;Gi2/0/4;up;up;>> coreB <<
